position,source_kind,video_id,title,url,duration_seconds,duration
1,video,lVflgFmmxfA,Пейзаж в Blender 5.2 с нуля! | Добавление растений,https://www.youtube.com/watch?v=lVflgFmmxfA,1528.0,25:28
2,video,99lAzxKeV9c,Обновления Blender 5.2 | Новая симуляция,https://www.youtube.com/watch?v=99lAzxKeV9c,639.0,10:39
3,video,WfF-W8WqDqY,Запекание в Blender ПРОСТО! | Основы процедурных материалов,https://www.youtube.com/watch?v=WfF-W8WqDqY,865.0,14:25
4,video,T_MlDrVk1m8,Обновления Blender 5.1 | Новые вершины,https://www.youtube.com/watch?v=T_MlDrVk1m8,485.0,08:05
5,video,59HavvH5H_8,Игрушка Hornet в Blender | Уроки для начинающих,https://www.youtube.com/watch?v=59HavvH5H_8,1462.0,24:22
6,video,v0KOSJrnltU,Обновления Blender 5.0 | Новый рубеж,https://www.youtube.com/watch?v=v0KOSJrnltU,681.0,11:21
7,video,kGblQk16MY0,Фатальные ошибки новичков в Blender | Полная версия,https://www.youtube.com/watch?v=kGblQk16MY0,1016.0,16:56
8,video,diQZpgDNKhg,Плюшевый олень в Blender | Уроки для начинающих,https://www.youtube.com/watch?v=diQZpgDNKhg,989.0,16:29
9,video,O8W6oAZG6LU,"Как легко анимировать все в Blender, используя Shape Keys",https://www.youtube.com/watch?v=O8W6oAZG6LU,901.0,15:01
10,video,hA1--jm52dM,Обновления Blender 4.5 | Обзор всех функций,https://www.youtube.com/watch?v=hA1--jm52dM,392.0,06:32
11,video,6GLHDS2vRd0,Тайна мастерской | Мульт в Blender,https://www.youtube.com/watch?v=6GLHDS2vRd0,69.0,01:09
12,video,5DHDe23K6Fw,Поясняю за камеру в Blender 3D | Топ 8 крутых фишек!,https://www.youtube.com/watch?v=5DHDe23K6Fw,762.0,12:42
13,video,zo7uEXdoH2Q,Самый точный 3D Трекинг в Blender ПРОСТО! | Новый способ,https://www.youtube.com/watch?v=zo7uEXdoH2Q,828.0,13:48
14,video,3xK18Su0LzM,Игровая модель гранаты Red Bull в Blender с нуля! | Запекание,https://www.youtube.com/watch?v=3xK18Su0LzM,3811.0,01:03:31
15,video,dg8K1-IN1Jo,Урок по 3D для начинающих в Blender - Комната с рабочим местом (изометрия),https://www.youtube.com/watch?v=dg8K1-IN1Jo,2249.0,37:29
16,video,5cH_GWLoS4M,Обновлении Blender 4.4 | Что нового?,https://www.youtube.com/watch?v=5cH_GWLoS4M,361.0,06:01
17,video,pdUO34s1BZs,Blender 1.0 - Каким он был? Обзор всех версий самой популярной программы для 3D моделирования,https://www.youtube.com/watch?v=pdUO34s1BZs,608.0,10:08
18,video,TY78w-UwBfk,Риг и анимации авто в Blender | RBC + Rig a car,https://www.youtube.com/watch?v=TY78w-UwBfk,793.0,13:13
19,video,p--JWcnPLYU,Моделирование авто в Blender | Porsche Cayman 718,https://www.youtube.com/watch?v=p--JWcnPLYU,38.0,00:38
20,video,UPrLOsq2sO0,Стилизованный рендер в Blender | Создание шейдеров,https://www.youtube.com/watch?v=UPrLOsq2sO0,1403.0,23:23
21,video,id0CIaa5pFQ,Комната в изометрии | Уроки для начинающих в Blender,https://www.youtube.com/watch?v=id0CIaa5pFQ,1320.0,22:00
22,video,fNZxLaSbWPg,ТОП аддонов для Blender | Уроки по Blender,https://www.youtube.com/watch?v=fNZxLaSbWPg,660.0,11:00
23,video,MquvWMNAjpo,Обновление BLENDER 4.3 | Обзор новых фишек,https://www.youtube.com/watch?v=MquvWMNAjpo,522.0,08:42
24,video,MKXq00mBwY8,Интерьер спальни в Blender просто!,https://www.youtube.com/watch?v=MKXq00mBwY8,2842.0,47:22
25,video,_lBD0a385vw,Пейзаж в Blender с нуля! | Растения в блендер,https://www.youtube.com/watch?v=_lBD0a385vw,1645.0,27:25
26,video,_uhF3s9H6L4,3D Трекинг лица в Blender! | GeoTracker | Трекинг видео,https://www.youtube.com/watch?v=_uhF3s9H6L4,1156.0,19:16
27,video,BWT83uzCe34,3D Сканирование ПРОСТО! | Запечка в BLENDER,https://www.youtube.com/watch?v=BWT83uzCe34,752.0,12:32
28,video,1FvBi03Lp40,BLENDER 4.2 | Обзор функций и нового рендера!,https://www.youtube.com/watch?v=1FvBi03Lp40,424.0,07:04
29,video,OmqtNJREy80,Реалистичная вода и капли в BLENDER ПРОСТО! | Набор аддонов,https://www.youtube.com/watch?v=OmqtNJREy80,999.0,16:39
30,video,4Txc9qQ0UeE,Трекинг в Blender ОЧЕНЬ ПРОСТО! | GeoTracker | Трекинг вертикального видео,https://www.youtube.com/watch?v=4Txc9qQ0UeE,1675.0,27:55
31,video,qxtmJbDLDUQ,Текстурить шины в Blender ПРОСТО! | Tyre in Blender,https://www.youtube.com/watch?v=qxtmJbDLDUQ,1032.0,17:12
32,video,Tp2d-nDZ2lw,Гэри в BLENDER за 1 МИНУТУ и 1 ЧАС,https://www.youtube.com/watch?v=Tp2d-nDZ2lw,372.0,06:12
33,video,QrXsUw6y5YM,3D Трекинг в Blender ПРОСТО! | GeoTracker | Трекинг по видео,https://www.youtube.com/watch?v=QrXsUw6y5YM,1113.0,18:33
34,video,g65crfy9jWk,Добавление растений на сцену в BLENDER 3D | Аддон Gscatter,https://www.youtube.com/watch?v=g65crfy9jWk,381.0,06:21
35,video,LGcIQky9ftc,3D модели на фотографиях в Blender | Размещение 3д моделей,https://www.youtube.com/watch?v=LGcIQky9ftc,431.0,07:11
36,video,SEz2ynPfdsY,Горох за 1 МИНУТУ / 10 МИНУТ / 1 ЧАС В BLENDER 3D,https://www.youtube.com/watch?v=SEz2ynPfdsY,314.0,05:14
37,video,fJOgMvhHMb8,3D Трекинг в Blender и After Effects | Трекинг по видео,https://www.youtube.com/watch?v=fJOgMvhHMb8,713.0,11:53
38,video,8_oRBFeHjFc,Гайд по риггингу ( rigacar ) и анимации автомобилей в BLENDER,https://www.youtube.com/watch?v=8_oRBFeHjFc,719.0,11:59
39,video,m6UTEa9jw9I,Наклейки в Blender 3D просто и быстро!,https://www.youtube.com/watch?v=m6UTEa9jw9I,293.0,04:53
40,video,eJWJwrELsvI,Создание дома и снега в BLENDER за 33 мин для начинающих,https://www.youtube.com/watch?v=eJWJwrELsvI,2019.0,33:39
1,short,5tvJso63hbs,Чиним Blender новыми аддонами #blender #addons,https://www.youtube.com/watch?v=5tvJso63hbs,0.0,00:00
2,short,UXxlGK2YPHI,Фатальные ошибки новичков в BLENDER #blender,https://www.youtube.com/watch?v=UXxlGK2YPHI,0.0,00:00
3,short,2OBe_vMVVCU,Зачем соблюдать топологию в Blender 3D? #blender3d,https://www.youtube.com/watch?v=2OBe_vMVVCU,0.0,00:00
4,short,Srf5JoiOgu0,Фатальные ошибки новичков в BLENDER #blender,https://www.youtube.com/watch?v=Srf5JoiOgu0,0.0,00:00
5,short,vgnjkCHpdiI,Обновление Blender 5.2 | Симуляция ткани и волос #blender,https://www.youtube.com/watch?v=vgnjkCHpdiI,0.0,00:00
6,short,pwXFv3m8Alg,ИИ помощник в Blender | Новый аддон #blender #addons,https://www.youtube.com/watch?v=pwXFv3m8Alg,0.0,00:00
7,short,QIF3D7K96T4,Аддоны для Blender для упрощения жизни #blender #addons,https://www.youtube.com/watch?v=QIF3D7K96T4,0.0,00:00
8,short,BzfrEuZW4vc,Меня взломали в BLENDER #blender,https://www.youtube.com/watch?v=BzfrEuZW4vc,0.0,00:00
9,short,oSu4RP6NY2Y,Фатальные ошибки новичков в BLENDER #blender,https://www.youtube.com/watch?v=oSu4RP6NY2Y,0.0,00:00
10,short,mgeJyPGD14g,Упрощаю Blender | Топ 3 аддонов #blender #addons,https://www.youtube.com/watch?v=mgeJyPGD14g,0.0,00:00
11,short,3Ers7j1WAOQ,Фатальные ошибки новичков в BLENDER #blender,https://www.youtube.com/watch?v=3Ers7j1WAOQ,0.0,00:00
12,short,xlKy4tZ8T9A,Фатальные ошибки новичков в BLENDER #blender,https://www.youtube.com/watch?v=xlKy4tZ8T9A,0.0,00:00
13,short,TzvE3eMoJPs,Запекание пирожков в BLENDER #blender,https://www.youtube.com/watch?v=TzvE3eMoJPs,0.0,00:00
14,short,iudXYCtK2gQ,Фатальные ошибки новичков в BLENDER #blender,https://www.youtube.com/watch?v=iudXYCtK2gQ,0.0,00:00
15,short,SGVWZM_7Iqw,Лучшие аддоны для BLENDER #blender,https://www.youtube.com/watch?v=SGVWZM_7Iqw,0.0,00:00
16,short,L4_VKuEsWks,Полезные аддоны для Blender #blender #addons,https://www.youtube.com/watch?v=L4_VKuEsWks,0.0,00:00
17,short,-oZF9047MKc,Фатальные ошибки новичков в BLENDER #blender,https://www.youtube.com/watch?v=-oZF9047MKc,0.0,00:00
18,short,xBnnxgo-ReY,Анимация в BLENDER | Фатальные ошибки #blender,https://www.youtube.com/watch?v=xBnnxgo-ReY,0.0,00:00
19,short,5ZwdROOkjic,Водичка в BLENDER | Фатальные ошибки #blender,https://www.youtube.com/watch?v=5ZwdROOkjic,0.0,00:00
20,short,3yq_bTq4p4Y,Фатальные ошибки новичков в BLENDER #blender,https://www.youtube.com/watch?v=3yq_bTq4p4Y,0.0,00:00
21,short,cZTJP6RwktQ,Упрощаю Blender | Топ 3 аддонов #blender #addons,https://www.youtube.com/watch?v=cZTJP6RwktQ,0.0,00:00
22,short,9ZZlE9k9BW0,Ломаю Blender | Топ 3 аддонов #blender #addons,https://www.youtube.com/watch?v=9ZZlE9k9BW0,0.0,00:00
23,short,_l0tOEl8AAs,Фатальные ошибки новичков в BLENDER #blender,https://www.youtube.com/watch?v=_l0tOEl8AAs,0.0,00:00
24,short,A1jMRP_y0OY,Лайфхак для BLENDER | Деформация подошвы #blender,https://www.youtube.com/watch?v=A1jMRP_y0OY,0.0,00:00
25,short,m2_5HekCcT8,Шаловливые пальчики в Blender | Топ 3 аддонов #blender #addons,https://www.youtube.com/watch?v=m2_5HekCcT8,0.0,00:00
26,short,E5gKtNYWg0s,Фатальные ошибки новичков в BLENDER #blender,https://www.youtube.com/watch?v=E5gKtNYWg0s,0.0,00:00
27,short,nMHUAoneJ-w,Обновление в BLENDER 5.1 #blender,https://www.youtube.com/watch?v=nMHUAoneJ-w,0.0,00:00
28,short,vmAaWmfu1tc,Ломаю Blender | Топ 3 аддонов #blender #addons,https://www.youtube.com/watch?v=vmAaWmfu1tc,0.0,00:00
29,short,pZ_q2HdI3xs,Фатальные ошибки новичков в BLENDER #blender,https://www.youtube.com/watch?v=pZ_q2HdI3xs,0.0,00:00
30,short,9zljFrgtJ8k,Фатальные ошибки новичков в BLENDER #blender,https://www.youtube.com/watch?v=9zljFrgtJ8k,0.0,00:00
31,short,IcRZnc4QOW4,Ломаю Blender | Топ 3 аддонов #blender #addons,https://www.youtube.com/watch?v=IcRZnc4QOW4,0.0,00:00
32,short,buI97T9QsZw,Управляю рулем в BLENDER #blender,https://www.youtube.com/watch?v=buI97T9QsZw,0.0,00:00
33,short,i-Aa5AHbex8,Упрощаю Blender | Топ 3 аддонов #blender #addons,https://www.youtube.com/watch?v=i-Aa5AHbex8,0.0,00:00
34,short,FtLu69K30pI,Фатальные ошибки новичков в BLENDER #blender,https://www.youtube.com/watch?v=FtLu69K30pI,0.0,00:00
35,short,VwlDeEt0wdE,Forza Horizon в Blender | Топ 3 аддонов #blender #addons,https://www.youtube.com/watch?v=VwlDeEt0wdE,0.0,00:00
36,short,z9FU3UQWEdY,Фатальные ошибки новичков в BLENDER #blender,https://www.youtube.com/watch?v=z9FU3UQWEdY,0.0,00:00
37,short,v028VSznhb4,Ломаю Blender | Топ 3 аддонов #blender #addons,https://www.youtube.com/watch?v=v028VSznhb4,0.0,00:00
38,short,F6Wsf1kfF6I,Фатальные ошибки новичков в BLENDER #blender,https://www.youtube.com/watch?v=F6Wsf1kfF6I,0.0,00:00
39,short,SVIx7V1VTiw,Подсказки в BLENDER 3D #blender,https://www.youtube.com/watch?v=SVIx7V1VTiw,0.0,00:00
40,short,rWV5lbDiORc,Hornet в BLENDER 3D #blender,https://www.youtube.com/watch?v=rWV5lbDiORc,0.0,00:00
41,short,JcYuvA_oYbA,Космос в Blender | Топ 3 аддонов #blender #addons,https://www.youtube.com/watch?v=JcYuvA_oYbA,0.0,00:00
42,short,v7lyGNGD9m0,Автоматический риг в BLENDER #blender,https://www.youtube.com/watch?v=v7lyGNGD9m0,0.0,00:00
43,short,ISH_0OfL4mU,Фатальные ошибки новичков в BLENDER #blender,https://www.youtube.com/watch?v=ISH_0OfL4mU,0.0,00:00
44,short,63SwHTVw82I,Упрощаю Blender | Топ 3 аддонов #blender #addons,https://www.youtube.com/watch?v=63SwHTVw82I,0.0,00:00
45,short,Zo1uUwUIjDI,Зачем моделить авто в Blender 3D? #blender,https://www.youtube.com/watch?v=Zo1uUwUIjDI,0.0,00:00
46,short,RBolbabR_c8,Фатальные ошибки новичков в BLENDER #blender,https://www.youtube.com/watch?v=RBolbabR_c8,0.0,00:00
47,short,VG8gK7JXimg,Анимация и лианы в Blender | Топ 3 аддонов #blender #addons,https://www.youtube.com/watch?v=VG8gK7JXimg,0.0,00:00
48,short,fy9Ktp8WtU8,Обновление BLENDER 5.0 #blender,https://www.youtube.com/watch?v=fy9Ktp8WtU8,0.0,00:00
49,short,bYyE3QsK6qE,Города и туман в Blender | Топ 3 аддонов #blender #addons,https://www.youtube.com/watch?v=bYyE3QsK6qE,0.0,00:00
50,short,6gdzCQvcKXg,Фатальные ошибки новичков в BLENDER #blender,https://www.youtube.com/watch?v=6gdzCQvcKXg,0.0,00:00
51,short,PfQE5fzR_WE,Укрощение камеры в Blender | Топ 3 аддонов #blender #addons,https://www.youtube.com/watch?v=PfQE5fzR_WE,0.0,00:00
52,short,S8ydlb7ZMl4,Камень из куба в Blender | Топ 3 аддонов #blender #addons,https://www.youtube.com/watch?v=S8ydlb7ZMl4,0.0,00:00
53,short,br_S9ZiB644,Фатальные ошибки новичков в BLENDER #blender,https://www.youtube.com/watch?v=br_S9ZiB644,0.0,00:00
54,short,J6M7FVDqD7I,Дома в Blender | Топ 3 аддонов #blender #addons,https://www.youtube.com/watch?v=J6M7FVDqD7I,0.0,00:00
55,short,VO_0mw_rYk8,Волосня в BLENDER | Фатальные ошибки #blender,https://www.youtube.com/watch?v=VO_0mw_rYk8,0.0,00:00
56,short,OkWlo7DSkJg,Трава в Blender | Топ 3 аддонов #blender #addons,https://www.youtube.com/watch?v=OkWlo7DSkJg,0.0,00:00
57,short,IcxqCp3lW9k,Скрытые функции в BLENDER #blender,https://www.youtube.com/watch?v=IcxqCp3lW9k,0.0,00:00
58,short,pKtSQaCPwXk,Genshin теперь в Blender | Топ 3 аддонов #blender #addons,https://www.youtube.com/watch?v=pKtSQaCPwXk,0.0,00:00
59,short,NOUFi0hcV9w,Фатальные ошибки новичков в BLENDER #blender,https://www.youtube.com/watch?v=NOUFi0hcV9w,0.0,00:00
60,short,a50wnyWioVM,Упрощаю Blender | Топ 3 аддонов #blender #addons,https://www.youtube.com/watch?v=a50wnyWioVM,0.0,00:00
61,short,7rIxqWyix3Q,Фатальные ошибки анимации в BLENDER #blender,https://www.youtube.com/watch?v=7rIxqWyix3Q,0.0,00:00
62,short,uFC0uX9ZmOs,Одежда в Blender | Топ 3 аддонов #blender #addons,https://www.youtube.com/watch?v=uFC0uX9ZmOs,0.0,00:00
63,short,oF3YktDtmMs,Новый аддон для 3D трекинга в BLENDER #blender,https://www.youtube.com/watch?v=oF3YktDtmMs,0.0,00:00
64,short,bv69HaUp3yo,Мнем кота в BLENDER #blender,https://www.youtube.com/watch?v=bv69HaUp3yo,0.0,00:00
65,short,wj5lwtQGmnI,Дикий ТОП аддонов для Blender #blender #addons,https://www.youtube.com/watch?v=wj5lwtQGmnI,0.0,00:00
66,short,Ipkze1Nfitw,Фатальные ошибки новичков в BLENDER #blender,https://www.youtube.com/watch?v=Ipkze1Nfitw,0.0,00:00
67,short,YkTKz-b1IGI,Топ полезных аддонов для Blender #blender #addons,https://www.youtube.com/watch?v=YkTKz-b1IGI,0.0,00:00
68,short,Heqed0Mu_iQ,Управление телефоном в Blender #blender,https://www.youtube.com/watch?v=Heqed0Mu_iQ,0.0,00:00
69,short,-52atAJ2a2U,Фишки обновления Blender 4.5 #blender,https://www.youtube.com/watch?v=-52atAJ2a2U,0.0,00:00
70,short,D2TseFz9ESM,Топ крутых аддонов для Blender #blender #addons,https://www.youtube.com/watch?v=D2TseFz9ESM,0.0,00:00
71,short,MgAO4lgtkiI,Лайфхаки с камерой в Blender #blender,https://www.youtube.com/watch?v=MgAO4lgtkiI,0.0,00:00
72,short,9uCmeGcCKxQ,Топ полезных аддонов для Blender #blender #addons,https://www.youtube.com/watch?v=9uCmeGcCKxQ,0.0,00:00
73,short,ELbRLFYjsvo,Аддон c котом в Blender #blender #addons,https://www.youtube.com/watch?v=ELbRLFYjsvo,0.0,00:00
74,short,FtJd0wmcTUQ,Паук в Blender с риггингом и анимацией #blender,https://www.youtube.com/watch?v=FtJd0wmcTUQ,0.0,00:00
75,short,SZTu3TMvneU,Фатальные ошибки новичков в BLENDER #blender,https://www.youtube.com/watch?v=SZTu3TMvneU,0.0,00:00
76,short,uKL8XDr6o28,Аддоны для физики в Blender #blender #addons,https://www.youtube.com/watch?v=uKL8XDr6o28,0.0,00:00
77,short,GUdQvlo3ANE,Простой 3D Трекинг в Blender и AE #blender,https://www.youtube.com/watch?v=GUdQvlo3ANE,0.0,00:00
78,short,gmeqnk8oxqo,Аддоны для анимаций в Blender #blender #addons,https://www.youtube.com/watch?v=gmeqnk8oxqo,0.0,00:00
79,short,MEnbuvD-M3g,Запекание в Blender это ПРОСТО! #blender,https://www.youtube.com/watch?v=MEnbuvD-M3g,0.0,00:00
80,short,jSkRjW1zmxI,Топ аддонов для лысых в Blender #blender #addons,https://www.youtube.com/watch?v=jSkRjW1zmxI,0.0,00:00
81,short,cyz_V8J0-PQ,ТУН ТУН ТУН за 1 час! В BLENDER 3D #blender,https://www.youtube.com/watch?v=cyz_V8J0-PQ,0.0,00:00
82,short,ukxepXJOqXc,"Топ аддонов для ""долбежки"" моделей в Blender #blender #addons",https://www.youtube.com/watch?v=ukxepXJOqXc,0.0,00:00
83,short,0Jrgm9rPqpE,Топ фишек в BLENDER #blender,https://www.youtube.com/watch?v=0Jrgm9rPqpE,0.0,00:00
84,short,Ip3aHlgj0-4,Полезные аддоны для BLENDER #blender,https://www.youtube.com/watch?v=Ip3aHlgj0-4,0.0,00:00
85,short,ilqX1FgfcL4,Гайды для новичков в BLENDER #blender3d,https://www.youtube.com/watch?v=ilqX1FgfcL4,0.0,00:00
86,short,BUOWAELJYWo,Аддоны для всего! (Blender) #blender #addons,https://www.youtube.com/watch?v=BUOWAELJYWo,0.0,00:00
87,short,RGke93XQdrQ,Топ фишек в BLENDER #blender,https://www.youtube.com/watch?v=RGke93XQdrQ,0.0,00:00
88,short,sWNQ1sHCELY,Топ 3 лучших аддонов для Blender #blender #addons,https://www.youtube.com/watch?v=sWNQ1sHCELY,0.0,00:00
89,short,Fhc3_u7kNZc,Обновление Blender 4.4 #blender,https://www.youtube.com/watch?v=Fhc3_u7kNZc,0.0,00:00
90,short,akyLP0Jqz64,Идеальные модельки в Blender #blender,https://www.youtube.com/watch?v=akyLP0Jqz64,0.0,00:00
91,short,qtliVoopEdg,Фатальные ошибки новичков в BLENDER #blender,https://www.youtube.com/watch?v=qtliVoopEdg,0.0,00:00
92,short,d_F06saX1HY,Первая версия Blender 1.0 #blender,https://www.youtube.com/watch?v=d_F06saX1HY,0.0,00:00
93,short,3GPYwG-RQdU,Полезные аддоны для Blender #blender #addons,https://www.youtube.com/watch?v=3GPYwG-RQdU,0.0,00:00
94,short,JLglRfOZtGg,Топ Аддонов для Blender #blender #addons,https://www.youtube.com/watch?v=JLglRfOZtGg,0.0,00:00
95,short,xQo5bAw-xJE,Анимация и RIG авто в BLENDER просто! #blender,https://www.youtube.com/watch?v=xQo5bAw-xJE,0.0,00:00
96,short,p_8rgT3e1Hc,Фатальные ошибки новичков в BLENDER #blender,https://www.youtube.com/watch?v=p_8rgT3e1Hc,0.0,00:00
97,short,sDeAgPFTrq4,Аддоны для Blender #blender #addons,https://www.youtube.com/watch?v=sDeAgPFTrq4,0.0,00:00
98,short,UCegsTRP_ZQ,Ам Ням в Blender 3D #blender,https://www.youtube.com/watch?v=UCegsTRP_ZQ,0.0,00:00
99,short,7yz11GiSICk,Как сделать 2д рендер в Blender #blender,https://www.youtube.com/watch?v=7yz11GiSICk,0.0,00:00
100,short,ipsM6qkaDzA,Полезные аддоны для Blender #blender #addons,https://www.youtube.com/watch?v=ipsM6qkaDzA,0.0,00:00
101,short,GLbO-PaxhtY,Как сделать монитор из старого iPad #blender,https://www.youtube.com/watch?v=GLbO-PaxhtY,0.0,00:00
102,short,lV60JmMzCek,Топ 3 аддонов для Blender #blender #addons,https://www.youtube.com/watch?v=lV60JmMzCek,0.0,00:00
103,short,b_YN3yg7MHw,Анимация паука в Blender #blender,https://www.youtube.com/watch?v=b_YN3yg7MHw,0.0,00:00
104,short,4Jik8JalLiE,Обоюдные аддоны для Blender #blender #addons,https://www.youtube.com/watch?v=4Jik8JalLiE,0.0,00:00
105,short,UaBKW0ytxoY,Своя комната в Blender #blender,https://www.youtube.com/watch?v=UaBKW0ytxoY,0.0,00:00
106,short,WaMdeafgWYs,Лучшие аддоны для Blender #blender #addons,https://www.youtube.com/watch?v=WaMdeafgWYs,0.0,00:00
107,short,v5CW1hTDJ0c,Полезные аддоны для Blender #blender #addons,https://www.youtube.com/watch?v=v5CW1hTDJ0c,0.0,00:00
108,short,8IIX6Mfta_o,Топ нужных аддонов для Blender #blender #addons,https://www.youtube.com/watch?v=8IIX6Mfta_o,0.0,00:00
109,short,qhAmNpLSaws,Когда крашнулся Blender #blender #addons,https://www.youtube.com/watch?v=qhAmNpLSaws,0.0,00:00
110,short,9Lt1NrTKRa4,Топ аддонов для домов в Blender #blender #addons,https://www.youtube.com/watch?v=9Lt1NrTKRa4,0.0,00:00
111,short,cB8Im9LAq1o,Подсолнух из Plants VS Zombies в Blender 3D #blender,https://www.youtube.com/watch?v=cB8Im9LAq1o,0.0,00:00
112,short,tDc04by68Rs,Топ 3 аддонов для Blender #blender #addons,https://www.youtube.com/watch?v=tDc04by68Rs,0.0,00:00
113,short,D70oeIOg23o,Обновление Blender 4.3 #blender,https://www.youtube.com/watch?v=D70oeIOg23o,0.0,00:00
114,short,MCosgbR0NzI,Подборка аддонов для Blender #blender #addons,https://www.youtube.com/watch?v=MCosgbR0NzI,0.0,00:00
115,short,Ccayarl2HKA,Топ аддон для Blender и Substance painter #blender #addons,https://www.youtube.com/watch?v=Ccayarl2HKA,0.0,00:00
116,short,0bwyw3vy7hY,Реалистичный свет в Blender #blender,https://www.youtube.com/watch?v=0bwyw3vy7hY,0.0,00:00
117,short,lNSdFEU5zQE,Сборка аддонов для Blender #blender #addons,https://www.youtube.com/watch?v=lNSdFEU5zQE,0.0,00:00
118,short,LKCnGRdXyCE,Физика ткани в Blender для интерьера #blender,https://www.youtube.com/watch?v=LKCnGRdXyCE,0.0,00:00
119,short,4QsslVcswgc,Аддон с нейронкой для Blende #blender #addons,https://www.youtube.com/watch?v=4QsslVcswgc,0.0,00:00
120,short,MUAp0IWJPEs,Спидран по Blender 3D #blender,https://www.youtube.com/watch?v=MUAp0IWJPEs,0.0,00:00
121,short,82TRY4y1gXE,Аддоны для Blender для простой жизни #blender #addons,https://www.youtube.com/watch?v=82TRY4y1gXE,0.0,00:00
122,short,-pURcXWTUV0,Растения для Blender #blender #addons,https://www.youtube.com/watch?v=-pURcXWTUV0,0.0,00:00
123,short,BV7w2b3BItY,Аддоны для Blender для упрощения жизни #blender #addons,https://www.youtube.com/watch?v=BV7w2b3BItY,0.0,00:00
124,short,I8G9aZBxPok,Пейзаж и растения в BLENDER Просто! #blender,https://www.youtube.com/watch?v=I8G9aZBxPok,0.0,00:00
125,short,grh5GtFakSM,Основные ошибки в Blender #blender,https://www.youtube.com/watch?v=grh5GtFakSM,0.0,00:00
126,short,ggwOqONDcdE,Базовые ADDONS для Blender 3D #blender,https://www.youtube.com/watch?v=ggwOqONDcdE,0.0,00:00
127,short,0mSSv9uZQ0E,Основные ADDONS для Blender 3D #blender,https://www.youtube.com/watch?v=0mSSv9uZQ0E,0.0,00:00
128,short,cXlxM7fQybU,Трекинг в Blender #blender,https://www.youtube.com/watch?v=cXlxM7fQybU,0.0,00:00
129,short,sTHQ3Yl1kQs,Базовые ошибки в BLENDER  #blender,https://www.youtube.com/watch?v=sTHQ3Yl1kQs,0.0,00:00
130,short,v0TdPJv1uGw,"Аддоны для BLENDER, которые все изменят #blender",https://www.youtube.com/watch?v=v0TdPJv1uGw,0.0,00:00
131,short,8FRQDWucQBg,Подборка полезных аддонов для BLENDER #blender,https://www.youtube.com/watch?v=8FRQDWucQBg,0.0,00:00
132,short,xVP5MIK2nYI,Сканирование в BLENDER ПРОСТО! #blender,https://www.youtube.com/watch?v=xVP5MIK2nYI,0.0,00:00
133,short,1k144TNB3bI,BLENDER не для слабонервных #blender,https://www.youtube.com/watch?v=1k144TNB3bI,0.0,00:00
134,short,_ZXBv5j-KH8,Фатальные ошибки новичков в BLENDER #blender,https://www.youtube.com/watch?v=_ZXBv5j-KH8,0.0,00:00
135,short,NRXgdoocmBM,Топ 3 аддонов для BLENDER #blender,https://www.youtube.com/watch?v=NRXgdoocmBM,0.0,00:00
136,short,NhlqUJRxBwo,Топ крутых аддонов для Blender 3D #blender,https://www.youtube.com/watch?v=NhlqUJRxBwo,0.0,00:00
137,short,k0HyJ9_Vczs,"Пряня из ""Шрек"" в Blender 3D #blender",https://www.youtube.com/watch?v=k0HyJ9_Vczs,0.0,00:00
138,short,3HnVcGn_e9g,Топ 3 аддонов для BLENDER #blender,https://www.youtube.com/watch?v=3HnVcGn_e9g,0.0,00:00
139,short,Qtvsy0HhneM,Фатальные ошибки в BLENDER #blender,https://www.youtube.com/watch?v=Qtvsy0HhneM,0.0,00:00
140,short,t1iL-VlOt18,Набор аддонов для BLENDER #blender,https://www.youtube.com/watch?v=t1iL-VlOt18,0.0,00:00
141,short,VAlhrx7eni8,Новый BLENDER 4.2 стал лучше? #blender,https://www.youtube.com/watch?v=VAlhrx7eni8,0.0,00:00
142,short,76czTtc3Tu8,Полезные аддоны для BLENDER #blender,https://www.youtube.com/watch?v=76czTtc3Tu8,0.0,00:00
143,short,1-FstUy3Tf0,Вода и капли в BLENDER ПРОСТО! #blender,https://www.youtube.com/watch?v=1-FstUy3Tf0,0.0,00:00
144,short,RgQa0uZth3I,"Бимо из ""Время приключений"" в Blender 3D #blender",https://www.youtube.com/watch?v=RgQa0uZth3I,0.0,00:00
145,short,jwii_ri6xaU,Подборка аддонов для BLENDER #blender,https://www.youtube.com/watch?v=jwii_ri6xaU,0.0,00:00
146,short,6fUbz3-v7NQ,Фатальные ошибки новичков в BLENDER #blender,https://www.youtube.com/watch?v=6fUbz3-v7NQ,0.0,00:00
147,short,RUklAwciH14,"Аддоны для BLENDER ""...Админки, х....."" #blender",https://www.youtube.com/watch?v=RUklAwciH14,0.0,00:00
148,short,_hxnSgq5jig,"Аддоны для BLENDER ""на черный день"" #blender",https://www.youtube.com/watch?v=_hxnSgq5jig,0.0,00:00
149,short,u9n5PJZMzLU,Тот самый критик в BLENDER #blender,https://www.youtube.com/watch?v=u9n5PJZMzLU,0.0,00:00
150,short,4s2_7rjWrNY,Трекинг в Blender ПРОСТО! #blender,https://www.youtube.com/watch?v=4s2_7rjWrNY,0.0,00:00
151,short,LoGjUIZG7tM,Топ 3 крутых аддонов для BLENDER 2ч. #blender,https://www.youtube.com/watch?v=LoGjUIZG7tM,0.0,00:00
152,short,Z_FYNvjPLEI,Ошибки новичков в BLENDER #blender,https://www.youtube.com/watch?v=Z_FYNvjPLEI,0.0,00:00
153,short,S373SvrinrA,"Аддоны для BLENDER, которые все изменят #blender",https://www.youtube.com/watch?v=S373SvrinrA,0.0,00:00
154,short,kx9Nv5BE0_A,Аддоны для BLENDER упрощающие жизнь #blender,https://www.youtube.com/watch?v=kx9Nv5BE0_A,0.0,00:00
155,short,xDFvjKEubrQ,Текстуры шин в Blender #blender,https://www.youtube.com/watch?v=xDFvjKEubrQ,0.0,00:00
156,short,XhrZGN6RcX4,Топ дополнений для BLENDER (тянка в комплекте) #blender,https://www.youtube.com/watch?v=XhrZGN6RcX4,0.0,00:00
157,short,-QUc4W1gyU8,Гэри из Губки Боба в Blender 3D #blender,https://www.youtube.com/watch?v=-QUc4W1gyU8,0.0,00:00
158,short,QeNhqHb_daM,Ошибки новичков в BLENDER  #blender,https://www.youtube.com/watch?v=QeNhqHb_daM,0.0,00:00
159,short,yjwlhZX0Gu8,Топ крутых аддонов для BLENDER #blender,https://www.youtube.com/watch?v=yjwlhZX0Gu8,0.0,00:00
160,short,ZuuZmzGdx_I,Растения в Blender 3D (Plants VS Zombies) #blender,https://www.youtube.com/watch?v=ZuuZmzGdx_I,0.0,00:00
161,short,x8lq3bDPX9w,Выдаю базу про освещение в BLENDER #blender,https://www.youtube.com/watch?v=x8lq3bDPX9w,0.0,00:00
162,short,lzCxhI2Qo0w,Топовые аддоны для BLENDER | Еще больше ассетов и материалов! #blender,https://www.youtube.com/watch?v=lzCxhI2Qo0w,0.0,00:00
163,short,pHLbdd7p3OU,3D Трекинг в Blender #blender,https://www.youtube.com/watch?v=pHLbdd7p3OU,0.0,00:00
164,short,DiAb82taWqo,Топ полезных аддонов для BLENDER #blender,https://www.youtube.com/watch?v=DiAb82taWqo,0.0,00:00
165,short,zXk1VV_9kkQ,WALL-E в Blender 3D #blender,https://www.youtube.com/watch?v=zXk1VV_9kkQ,0.0,00:00
166,short,T1MWBFMWDNE,Пончик в BLENDER #blender,https://www.youtube.com/watch?v=T1MWBFMWDNE,0.0,00:00
167,short,tUOR7TJPNDU,Бесплатные аддоны для BLENDER #blender,https://www.youtube.com/watch?v=tUOR7TJPNDU,0.0,00:00
168,short,jZwWJ3Pl9Kc,Ошибки новичков в BLENDER  #blender,https://www.youtube.com/watch?v=jZwWJ3Pl9Kc,0.0,00:00
169,short,wHC3aDUqctk,Топ аддонов для Блендер 3D #blender,https://www.youtube.com/watch?v=wHC3aDUqctk,0.0,00:00
170,short,juAnIF1169g,Горох из Plants VS Zombies в Blender 3D #blender,https://www.youtube.com/watch?v=juAnIF1169g,0.0,00:00
171,short,UmfFilj4br8,Противостояние BLENDER и 3ds MAX #blender,https://www.youtube.com/watch?v=UmfFilj4br8,0.0,00:00
172,short,-4pVGMGLoN8,Топ 3 аддонов для BLENDER #blender,https://www.youtube.com/watch?v=-4pVGMGLoN8,0.0,00:00
173,short,KDJ21WfZ_8w,Очевидные ошибки при моделировании в BLENDER  #blender,https://www.youtube.com/watch?v=KDJ21WfZ_8w,0.0,00:00
174,short,baR4SoykYF4,3D Трекинг в Blender и After Effects #blender,https://www.youtube.com/watch?v=baR4SoykYF4,0.0,00:00
175,short,629L0vGCp_Y,Топ крутых аддонов для Blender 3D #blender,https://www.youtube.com/watch?v=629L0vGCp_Y,0.0,00:00
176,short,R_FDVkqlzUA,Как заригать любое авто в BLENDER #blender,https://www.youtube.com/watch?v=R_FDVkqlzUA,0.0,00:00
177,short,G3JmvP9Y2MU,Типичный BLENDER  #blender,https://www.youtube.com/watch?v=G3JmvP9Y2MU,0.0,00:00
178,short,sujkcPtvXNE,Топ 3 полезных аддона для BLENDER #blender,https://www.youtube.com/watch?v=sujkcPtvXNE,0.0,00:00
179,short,jZ1JcpBQoww,Топ крутых аддонов для BLENDER #blender,https://www.youtube.com/watch?v=jZ1JcpBQoww,0.0,00:00
180,short,H-BM3X4Z8oM,Прыгающий арбуз в blender 3D #blender,https://www.youtube.com/watch?v=H-BM3X4Z8oM,0.0,00:00
181,short,Ut-oa4GrTlk,Признаки зрелого парня в BLENDER 3д #blender,https://www.youtube.com/watch?v=Ut-oa4GrTlk,0.0,00:00
182,short,9XJlhD-Z0L4,Топ 3 полезных аддонов для BLENDER #blender,https://www.youtube.com/watch?v=9XJlhD-Z0L4,0.0,00:00
183,short,i6WDjfNARq4,Ошибки при моделировании в BLENDER  #blender,https://www.youtube.com/watch?v=i6WDjfNARq4,0.0,00:00
184,short,w2spIBARjPk,Топ аддонов для BLENDER #blender,https://www.youtube.com/watch?v=w2spIBARjPk,0.0,00:00
185,short,igfZMVpGfMY,Рик и Морти! В BLENDER 3D #blender,https://www.youtube.com/watch?v=igfZMVpGfMY,0.0,00:00
186,short,8IItaPEQHnA,"Аддоны для блендер, которые изменят вашу жизнь #blender",https://www.youtube.com/watch?v=8IItaPEQHnA,0.0,00:00
187,short,VzpuLqER2Ss,Робот за 1 час! В BLENDER 3D #blender,https://www.youtube.com/watch?v=VzpuLqER2Ss,0.0,00:00
188,short,mmMubNMUXeM,Топ 3 полезных аддона для блендер #blender,https://www.youtube.com/watch?v=mmMubNMUXeM,0.0,00:00
189,short,w5Znomr7lrs,Кто еще не делал пончик в блендере? #blender,https://www.youtube.com/watch?v=w5Znomr7lrs,0.0,00:00
190,short,qL5Rb7SnORk,Наклейки в blender 3d #blender,https://www.youtube.com/watch?v=qL5Rb7SnORk,0.0,00:00
191,short,8EEymZjwtsA,"Новый вид газировки ""Гори оно все огнем"" (Timelapse)",https://www.youtube.com/watch?v=8EEymZjwtsA,0.0,00:00
192,short,RBHkWp3Vbog,Топ 3 бесплатных аддона для блендер #blender,https://www.youtube.com/watch?v=RBHkWp3Vbog,0.0,00:00
193,short,adB6HtZIU64,Кружка пива в 3д #blender #blender3d #blendertutorial #блендер3д,https://www.youtube.com/watch?v=adB6HtZIU64,0.0,00:00
194,short,d0uhsrQdSks,Спидран по блендеру | Speedrun by blender #blender,https://www.youtube.com/watch?v=d0uhsrQdSks,0.0,00:00
195,short,GkaJvxCovFs,Уточка застряла в 3д машине #blender,https://www.youtube.com/watch?v=GkaJvxCovFs,0.0,00:00
196,short,kvYqHYgHXSI,Добавил снег очень просто #blender #shorts,https://www.youtube.com/watch?v=kvYqHYgHXSI,0.0,00:00
197,short,61ssGWuPxqk,Учу лепить грибочек в blender #shorts,https://www.youtube.com/watch?v=61ssGWuPxqk,0.0,00:00
